type,rmse,r2
training mean cv,3.8330700397491455,0.78029
validation mean cv,3.845370054244995,0.77846
testing mean cv,4.64406,0.80903
