type,rmse,r2
training mean cv,1.927880048751831,0.94439
validation mean cv,3.755470037460327,0.78869
testing mean cv,3.63052,0.88329
