type,rmse,r2
training mean cv,0.7736999988555908,0.93936
validation mean cv,3.6382899284362793,-0.34239
testing mean cv,2.74051,-0.32357
