Fold,type,rmse,r2
1,training fold,0.15583,0.99964
1,validation fold,4.01026,4.01026
1,testing fold,5.45131,0.73687
2,training fold,0.1929,0.99945
2,validation fold,4.89197,4.89197
2,testing fold,5.33382,0.7481
3,training fold,0.22059,0.99924
3,validation fold,5.22715,5.22715
3,testing fold,5.473,0.73478
4,training fold,0.16246,0.9996
4,validation fold,5.07376,5.07376
4,testing fold,5.98548,0.68278
5,training fold,0.15737,0.99963
5,validation fold,4.56818,4.56818
5,testing fold,5.80545,0.70158
