type,rmse,r2
training mean cv,1.9265300035476685,0.94447
validation mean cv,3.7350900173187256,0.791
testing mean cv,3.62936,0.88337
