type,rmse,r2
training mean cv,3.8330700397491455,0.78029
validation mean cv,3.8453800678253174,0.77846
testing mean cv,4.64383,0.80905
