Fold,type,rmse,r2
1,training fold,4.13448,0.74807
1,validation fold,4.06747,4.06747
1,testing fold,5.2722,0.75388
2,training fold,4.15236,0.74625
2,validation fold,4.00196,4.00196
2,testing fold,5.26888,0.75419
3,training fold,3.99378,0.75187
3,validation fold,4.63639,4.63639
3,testing fold,5.32334,0.74908
4,training fold,4.12498,0.74395
4,validation fold,4.13046,4.13046
4,testing fold,5.24628,0.7563
5,training fold,4.19868,0.74014
5,validation fold,3.8254,3.8254
5,testing fold,5.30484,0.75082
