type,rmse,r2
training mean cv,1.924049973487854,0.94462
validation mean cv,3.7933599948883057,0.78439
testing mean cv,3.63017,0.88332
