type,rmse,r2
training mean cv,3.833009958267212,0.78029
validation mean cv,3.845319986343384,0.77847
testing mean cv,4.64388,0.80905
