Fold,type,rmse,r2
1,training fold,1.24041,0.97732
1,validation fold,5.79386,5.79386
1,testing fold,3.96875,0.86053
2,training fold,1.27969,0.9759
2,validation fold,5.87019,5.87019
2,testing fold,4.02223,0.85675
3,training fold,1.11388,0.9807
3,validation fold,5.8633,5.8633
3,testing fold,3.9128,0.86444
4,training fold,1.22157,0.97754
4,validation fold,6.10721,6.10721
4,testing fold,4.11789,0.84986
5,training fold,1.24642,0.9771
5,validation fold,5.64727,5.64727
5,testing fold,4.06728,0.85352
