type,rmse,r2
training mean cv,0.7702599763870239,0.9399
validation mean cv,4.010540008544922,-0.63079
testing mean cv,2.75073,-0.33345
