type,rmse,r2
training mean cv,0.09246999770402908,0.99987
validation mean cv,3.3817899227142334,0.82856
testing mean cv,3.87241,0.86722
