Fold,type,rmse,r2
1,training fold,0.02706,0.99999
1,validation fold,3.50022,3.50022
1,testing fold,4.29694,0.83651
2,training fold,0.02033,0.99999
2,validation fold,3.65869,3.65869
2,testing fold,4.17496,0.84566
3,training fold,0.01969,0.99999
3,validation fold,4.40331,4.40331
3,testing fold,4.15864,0.84687
4,training fold,0.01585,1.0
4,validation fold,3.58394,3.58394
4,testing fold,4.20033,0.84378
5,training fold,0.02384,0.99999
5,validation fold,3.51965,3.51965
5,testing fold,4.19347,0.84429
