type,rmse,r2
training mean cv,0.015080000273883343,1.0
validation mean cv,3.831199884414673,0.77985
testing mean cv,4.12354,0.84944
