Fold,type,rmse,r2
1,training fold,2.2219,0.92724
1,validation fold,2.98443,2.98443
1,testing fold,3.71476,0.87781
2,training fold,2.58446,0.9017
2,validation fold,3.1597,3.1597
2,testing fold,3.81356,0.87123
3,training fold,2.17905,0.92613
3,validation fold,3.78472,3.78472
3,testing fold,3.75446,0.87519
4,training fold,2.69562,0.89065
4,validation fold,3.19657,3.19657
4,testing fold,3.81771,0.87095
5,training fold,2.55535,0.90375
5,validation fold,3.14495,3.14495
5,testing fold,3.75967,0.87484
