Fold,type,rmse,r2
1,training fold,2.24919,0.92544
1,validation fold,3.03161,3.03161
1,testing fold,3.71023,0.87811
2,training fold,2.2907,0.92278
2,validation fold,2.88243,2.88243
2,testing fold,3.72339,0.87725
3,training fold,2.02991,0.9359
3,validation fold,3.68291,3.68291
3,testing fold,3.75787,0.87496
4,training fold,2.219,0.9259
4,validation fold,3.15617,3.15617
4,testing fold,3.72713,0.877
5,training fold,2.24985,0.92539
5,validation fold,2.97588,2.97588
5,testing fold,3.7201,0.87746
