Fold,type,rmse,r2
1,training fold,3.8498,0.78157
1,validation fold,3.77897,3.77897
1,testing fold,4.63456,0.80981
2,training fold,3.86504,0.78015
2,validation fold,3.72216,3.72216
2,testing fold,4.63668,0.80964
3,training fold,3.70937,0.78595
3,validation fold,4.332,4.332
3,testing fold,4.68446,0.8057
4,training fold,3.84896,0.77707
4,validation fold,3.82221,3.82221
4,testing fold,4.62599,0.81052
5,training fold,3.89832,0.77599
5,validation fold,3.57697,3.57697
5,testing fold,4.66299,0.80747
