type,rmse,r2
training mean cv,3.8341801166534424,0.78016
validation mean cv,3.846369981765747,0.77835
testing mean cv,4.64674,0.80881
