type,rmse,r2
training mean cv,0.7968199849128723,0.93568
validation mean cv,3.022739887237549,0.07305
testing mean cv,2.72074,-0.30454
