type,rmse,r2
training mean cv,1.944790005683899,0.94342
validation mean cv,3.6337199211120605,0.80221
testing mean cv,3.63204,0.88319
